<Anims>
 <anim name="burnt" root="mermhouse_crafted_fisher" numframes="50" framerate="40">
  <frame idx="0" w="817" h="1892" x="-50.623810" y="-599.349487">
   <element name="assets" layername="symbol_fe8b4d" frame="1" z_index="2" m_a="1.000000" m_b="0.000000" m_c="0.000000" m_d="1.000000" m_tx="-1.599000" m_ty="31.850000"/>
  </frame>
  <frame idx="25" w="817" h="1892" x="-50.623810" y="-599.349487">
   <element name="assets" layername="symbol_fe8b4d" frame="1" z_index="2" m_a="1.000000" m_b="0.000000" m_c="0.000000" m_d="1.000000" m_tx="-1.599000" m_ty="31.850000"/>
  </frame>
 </anim>
 <anim name="hit" root="mermhouse_crafted_fisher" numframes="350" framerate="40">
  <frame idx="0" w="879" h="1897" x="-50.458221" y="-619.583496">
   <element name="assets" layername="symbol_fe8b4d" frame="0" z_index="2" m_a="0.999979" m_b="-0.006462" m_c="0.006462" m_d="1.000059" m_tx="-1.599000" m_ty="31.850000"/>
  </frame>
  <frame idx="25" w="872" h="1904" x="-47.658051" y="-619.963074">
   <element name="assets" layername="symbol_fe8b4d" frame="0" z_index="2" m_a="0.999998" m_b="-0.001795" m_c="0.001795" m_d="1.000078" m_tx="-1.599000" m_ty="31.850000"/>
  </frame>
  <frame idx="50" w="867" h="1910" x="-44.975060" y="-620.333984">
   <element name="assets" layername="symbol_fe8b4d" frame="0" z_index="2" m_a="0.999997" m_b="0.002635" m_c="-0.002635" m_d="1.000067" m_tx="-1.599000" m_ty="31.850000"/>
  </frame>
  <frame idx="75" w="865" h="1912" x="-44.260757" y="-620.291992">
   <element name="assets" layername="symbol_fe8b4d" frame="0" z_index="2" m_a="0.999992" m_b="0.004062" m_c="-0.004062" m_d="1.000062" m_tx="-1.587346" m_ty="31.850000"/>
  </frame>
  <frame idx="100" w="871" h="1905" x="-46.892544" y="-619.928345">
   <element name="assets" layername="symbol_fe8b4d" frame="0" z_index="2" m_a="1.000000" m_b="-0.000343" m_c="0.000343" m_d="1.000090" m_tx="-1.549000" m_ty="31.850000"/>
  </frame>
  <frame idx="125" w="878" h="1897" x="-50.313217" y="-619.601563">
   <element name="assets" layername="symbol_fe8b4d" frame="0" z_index="2" m_a="0.999981" m_b="-0.006194" m_c="0.006195" m_d="1.000111" m_tx="-1.585770" m_ty="31.850000"/>
  </frame>
  <frame idx="150" w="879" h="1897" x="-50.507553" y="-619.595764">
   <element name="assets" layername="symbol_fe8b4d" frame="0" z_index="2" m_a="0.999978" m_b="-0.006562" m_c="0.006562" m_d="1.000078" m_tx="-1.599000" m_ty="31.850000"/>
  </frame>
  <frame idx="175" w="875" h="1900" x="-48.826950" y="-619.511475">
   <element name="assets" layername="symbol_fe8b4d" frame="0" z_index="2" m_a="0.999991" m_b="-0.004191" m_c="0.004192" m_d="1.000041" m_tx="-1.586880" m_ty="31.850000"/>
  </frame>
  <frame idx="200" w="873" h="1903" x="-47.983047" y="-619.963745">
   <element name="assets" layername="symbol_fe8b4d" frame="0" z_index="2" m_a="0.999997" m_b="-0.002556" m_c="0.002556" m_d="1.000037" m_tx="-1.549000" m_ty="31.850000"/>
  </frame>
  <frame idx="225" w="872" h="1904" x="-47.281628" y="-619.918457">
   <element name="assets" layername="symbol_fe8b4d" frame="0" z_index="2" m_a="0.999999" m_b="-0.001058" m_c="0.001058" m_d="1.000029" m_tx="-1.585770" m_ty="31.850000"/>
  </frame>
  <frame idx="250" w="871" h="1905" x="-46.935543" y="-619.889954">
   <element name="assets" layername="symbol_fe8b4d" frame="0" z_index="2" m_a="1.000000" m_b="-0.000378" m_c="0.000378" m_d="1.000010" m_tx="-1.574760" m_ty="31.850000"/>
  </frame>
  <frame idx="275" w="871" h="1905" x="-46.816162" y="-619.879761">
   <element name="assets" layername="symbol_fe8b4d" frame="0" z_index="2" m_a="1.000000" m_b="-0.000188" m_c="0.000188" m_d="1.000000" m_tx="-1.549000" m_ty="31.850000"/>
  </frame>
  <frame idx="300" w="871" h="1906" x="-46.753586" y="-619.876221">
   <element name="assets" layername="symbol_fe8b4d" frame="0" z_index="2" m_a="1.000000" m_b="-0.000061" m_c="0.000061" m_d="1.000000" m_tx="-1.549000" m_ty="31.850000"/>
  </frame>
  <frame idx="325" w="871" h="1906" x="-46.768181" y="-619.875000">
   <element name="assets" layername="symbol_fe8b4d" frame="0" z_index="2" m_a="1.000000" m_b="-0.000016" m_c="0.000016" m_d="1.000000" m_tx="-1.585770" m_ty="31.850000"/>
  </frame>
 </anim>
 <anim name="idle" root="mermhouse_crafted_fisher" numframes="50" framerate="40">
  <frame idx="0" w="869" h="1906" x="-46.273529" y="-619.874512">
   <element name="assets" layername="symbol_fe8b4d" frame="0" z_index="2" m_a="1.000000" m_b="0.000000" m_c="0.000000" m_d="1.000000" m_tx="-1.599000" m_ty="31.850000"/>
  </frame>
  <frame idx="25" w="869" h="1906" x="-46.273529" y="-619.874512">
   <element name="assets" layername="symbol_fe8b4d" frame="0" z_index="2" m_a="1.000000" m_b="0.000000" m_c="0.000000" m_d="1.000000" m_tx="-1.599000" m_ty="31.850000"/>
  </frame>
 </anim>
</Anims>
